{
	"save_type":	"global_save",
	"key":	"仮キー名",
	"uk1":	1000,
	"version":	7,
	"uk2":	56,
	"num_ain_globals":	263,
	"group":	"共有データ",
	"globals":	[{
			"name":	"_最終セーブ番号",
			"value":	1
		}, {
			"name":	"g_enquiteSelection",
			"value":	{
				"array_rank":	1,
				"type":	17,
				"dimensions":	[169],
				"values":	[{
						"@type":	"EnquiteSelection",
						"checkBoxName_":	"20歳未満",
						"enableCheckCgName_":	"",
						"isChecked_":	false,
						"id_":	1
					}, {
						"@type":	"EnquiteSelection",
						"checkBoxName_":	"20〜24歳",
						"enableCheckCgName_":	"",
						"isChecked_":	false,
						"id_":	1
					}, {
						"@type":	"EnquiteSelection",
						"checkBoxName_":	"25〜29歳",
						"enableCheckCgName_":	"",
						"isChecked_":	true,
						"id_":	1
					}, {
						"@type":	"EnquiteSelection",
						"checkBoxName_":	"30〜34歳",
						"enableCheckCgName_":	"",
						"isChecked_":	false,
						"id_":	1
					}, {
						"@type":	"EnquiteSelection",
						"checkBoxName_":	"35〜39歳",
						"enableCheckCgName_":	"",
						"isChecked_":	false,
						"id_":	1
					}, {
						"@type":	"EnquiteSelection",
						"checkBoxName_":	"40歳代",
						"enableCheckCgName_":	"",
						"isChecked_":	false,
						"id_":	1
					}, {
						"@type":	"EnquiteSelection",
						"checkBoxName_":	"50歳以上",
						"enableCheckCgName_":	"",
						"isChecked_":	false,
						"id_":	1
					}, {
						"@type":	"EnquiteSelection",
						"checkBoxName_":	"Q01_未回答",
						"enableCheckCgName_":	"",
						"isChecked_":	false,
						"id_":	1
					}, {
						"@type":	"EnquiteSelection",
						"checkBoxName_":	"男性",
						"enableCheckCgName_":	"",
						"isChecked_":	true,
						"id_":	2
					}, {
						"@type":	"EnquiteSelection",
						"checkBoxName_":	"女性",
						"enableCheckCgName_":	"",
						"isChecked_":	false,
						"id_":	2
					}, {
						"@type":	"EnquiteSelection",
						"checkBoxName_":	"Q02_未回答",
						"enableCheckCgName_":	"",
						"isChecked_":	false,
						"id_":	2
					}, {
						"@type":	"EnquiteSelection",
						"checkBoxName_":	"1年未満",
						"enableCheckCgName_":	"",
						"isChecked_":	false,
						"id_":	3
					}, {
						"@type":	"EnquiteSelection",
						"checkBoxName_":	"1〜2年",
						"enableCheckCgName_":	"",
						"isChecked_":	false,
						"id_":	3
					}, {
						"@type":	"EnquiteSelection",
						"checkBoxName_":	"3〜4年",
						"enableCheckCgName_":	"",
						"isChecked_":	false,
						"id_":	3
					}, {
						"@type":	"EnquiteSelection",
						"checkBoxName_":	"5年〜9年",
						"enableCheckCgName_":	"",
						"isChecked_":	false,
						"id_":	3
					}, {
						"@type":	"EnquiteSelection",
						"checkBoxName_":	"10年〜20年",
						"enableCheckCgName_":	"",
						"isChecked_":	true,
						"id_":	3
					}, {
						"@type":	"EnquiteSelection",
						"checkBoxName_":	"20年以上",
						"enableCheckCgName_":	"",
						"isChecked_":	false,
						"id_":	3
					}, {
						"@type":	"EnquiteSelection",
						"checkBoxName_":	"これが初めて",
						"enableCheckCgName_":	"",
						"isChecked_":	false,
						"id_":	4
					}, {
						"@type":	"EnquiteSelection",
						"checkBoxName_":	"2本目",
						"enableCheckCgName_":	"",
						"isChecked_":	false,
						"id_":	4
					}, {
						"@type":	"EnquiteSelection",
						"checkBoxName_":	"3本目",
						"enableCheckCgName_":	"",
						"isChecked_":	false,
						"id_":	4
					}, {
						"@type":	"EnquiteSelection",
						"checkBoxName_":	"4〜5本目",
						"enableCheckCgName_":	"",
						"isChecked_":	true,
						"id_":	4
					}, {
						"@type":	"EnquiteSelection",
						"checkBoxName_":	"6〜10本目",
						"enableCheckCgName_":	"",
						"isChecked_":	false,
						"id_":	4
					}, {
						"@type":	"EnquiteSelection",
						"checkBoxName_":	"11〜20本目",
						"enableCheckCgName_":	"",
						"isChecked_":	false,
						"id_":	4
					}, {
						"@type":	"EnquiteSelection",
						"checkBoxName_":	"20本以上",
						"enableCheckCgName_":	"",
						"isChecked_":	false,
						"id_":	4
					}, {
						"@type":	"EnquiteSelection",
						"checkBoxName_":	"プレイした",
						"enableCheckCgName_":	"",
						"isChecked_":	true,
						"id_":	5
					}, {
						"@type":	"EnquiteSelection",
						"checkBoxName_":	"プレイしていない",
						"enableCheckCgName_":	"",
						"isChecked_":	false,
						"id_":	5
					}, {
						"@type":	"EnquiteSelection",
						"checkBoxName_":	"ランスシリーズをプレイしていたので",
						"enableCheckCgName_":	"",
						"isChecked_":	false,
						"id_":	6
					}, {
						"@type":	"EnquiteSelection",
						"checkBoxName_":	"アリスソフトだから",
						"enableCheckCgName_":	"",
						"isChecked_":	false,
						"id_":	6
					}, {
						"@type":	"EnquiteSelection",
						"checkBoxName_":	"絵柄が好みだったから",
						"enableCheckCgName_":	"",
						"isChecked_":	false,
						"id_":	6
					}, {
						"@type":	"EnquiteSelection",
						"checkBoxName_":	"設定が好みだったから",
						"enableCheckCgName_":	"",
						"isChecked_":	false,
						"id_":	6
					}, {
						"@type":	"EnquiteSelection",
						"checkBoxName_":	"エロが良さそうだったから",
						"enableCheckCgName_":	"",
						"isChecked_":	false,
						"id_":	6
					}, {
						"@type":	"EnquiteSelection",
						"checkBoxName_":	"ゲームが面白そうだったから",
						"enableCheckCgName_":	"",
						"isChecked_":	false,
						"id_":	6
					}, {
						"@type":	"EnquiteSelection",
						"checkBoxName_":	"体験版をプレイして気に入ったから",
						"enableCheckCgName_":	"",
						"isChecked_":	false,
						"id_":	6
					}, {
						"@type":	"EnquiteSelection",
						"checkBoxName_":	"その他",
						"enableCheckCgName_":	"",
						"isChecked_":	false,
						"id_":	6
					}, {
						"@type":	"EnquiteSelection",
						"checkBoxName_":	"最高、非常に満足している",
						"enableCheckCgName_":	"",
						"isChecked_":	true,
						"id_":	7
					}, {
						"@type":	"EnquiteSelection",
						"checkBoxName_":	"充分、楽しめた",
						"enableCheckCgName_":	"",
						"isChecked_":	false,
						"id_":	7
					}, {
						"@type":	"EnquiteSelection",
						"checkBoxName_":	"まぁまぁだった",
						"enableCheckCgName_":	"",
						"isChecked_":	false,
						"id_":	7
					}, {
						"@type":	"EnquiteSelection",
						"checkBoxName_":	"少し期待はずれ",
						"enableCheckCgName_":	"",
						"isChecked_":	false,
						"id_":	7
					}, {
						"@type":	"EnquiteSelection",
						"checkBoxName_":	"全然駄目、つまらん",
						"enableCheckCgName_":	"",
						"isChecked_":	false,
						"id_":	7
					}, {
						"@type":	"EnquiteSelection",
						"checkBoxName_":	"Q08_非常に気に入った",
						"enableCheckCgName_":	"",
						"isChecked_":	true,
						"id_":	8
					}, {
						"@type":	"EnquiteSelection",
						"checkBoxName_":	"Q08_問題ない",
						"enableCheckCgName_":	"",
						"isChecked_":	false,
						"id_":	8
					}, {
						"@type":	"EnquiteSelection",
						"checkBoxName_":	"Q08_もう少しがんばってほしい",
						"enableCheckCgName_":	"",
						"isChecked_":	false,
						"id_":	8
					}, {
						"@type":	"EnquiteSelection",
						"checkBoxName_":	"Q09_非常に気に入った",
						"enableCheckCgName_":	"",
						"isChecked_":	true,
						"id_":	9
					}, {
						"@type":	"EnquiteSelection",
						"checkBoxName_":	"Q09_問題ない",
						"enableCheckCgName_":	"",
						"isChecked_":	false,
						"id_":	9
					}, {
						"@type":	"EnquiteSelection",
						"checkBoxName_":	"Q09_もう少しがんばってほしい",
						"enableCheckCgName_":	"",
						"isChecked_":	false,
						"id_":	9
					}, {
						"@type":	"EnquiteSelection",
						"checkBoxName_":	"Q10_非常に気に入った",
						"enableCheckCgName_":	"",
						"isChecked_":	true,
						"id_":	10
					}, {
						"@type":	"EnquiteSelection",
						"checkBoxName_":	"Q10_問題ない",
						"enableCheckCgName_":	"",
						"isChecked_":	false,
						"id_":	10
					}, {
						"@type":	"EnquiteSelection",
						"checkBoxName_":	"Q10_もう少しがんばってほしい",
						"enableCheckCgName_":	"",
						"isChecked_":	false,
						"id_":	10
					}, {
						"@type":	"EnquiteSelection",
						"checkBoxName_":	"Q11_非常に気に入った",
						"enableCheckCgName_":	"",
						"isChecked_":	true,
						"id_":	11
					}, {
						"@type":	"EnquiteSelection",
						"checkBoxName_":	"Q11_問題ない",
						"enableCheckCgName_":	"",
						"isChecked_":	false,
						"id_":	11
					}, {
						"@type":	"EnquiteSelection",
						"checkBoxName_":	"Q11_もう少しがんばってほしい",
						"enableCheckCgName_":	"",
						"isChecked_":	false,
						"id_":	11
					}, {
						"@type":	"EnquiteSelection",
						"checkBoxName_":	"Q12_非常に気に入った",
						"enableCheckCgName_":	"",
						"isChecked_":	true,
						"id_":	12
					}, {
						"@type":	"EnquiteSelection",
						"checkBoxName_":	"Q12_問題ない",
						"enableCheckCgName_":	"",
						"isChecked_":	false,
						"id_":	12
					}, {
						"@type":	"EnquiteSelection",
						"checkBoxName_":	"Q12_もう少しがんばってほしい",
						"enableCheckCgName_":	"",
						"isChecked_":	false,
						"id_":	12
					}, {
						"@type":	"EnquiteSelection",
						"checkBoxName_":	"Q13_非常に気に入った",
						"enableCheckCgName_":	"",
						"isChecked_":	true,
						"id_":	13
					}, {
						"@type":	"EnquiteSelection",
						"checkBoxName_":	"Q13_問題ない",
						"enableCheckCgName_":	"",
						"isChecked_":	false,
						"id_":	13
					}, {
						"@type":	"EnquiteSelection",
						"checkBoxName_":	"Q13_もう少しがんばってほしい",
						"enableCheckCgName_":	"",
						"isChecked_":	false,
						"id_":	13
					}, {
						"@type":	"EnquiteSelection",
						"checkBoxName_":	"Q14_非常に気に入った",
						"enableCheckCgName_":	"",
						"isChecked_":	true,
						"id_":	14
					}, {
						"@type":	"EnquiteSelection",
						"checkBoxName_":	"Q14_問題ない",
						"enableCheckCgName_":	"",
						"isChecked_":	false,
						"id_":	14
					}, {
						"@type":	"EnquiteSelection",
						"checkBoxName_":	"Q14_もう少しがんばってほしい",
						"enableCheckCgName_":	"",
						"isChecked_":	false,
						"id_":	14
					}, {
						"@type":	"EnquiteSelection",
						"checkBoxName_":	"原画・CG",
						"enableCheckCgName_":	"",
						"isChecked_":	false,
						"id_":	15
					}, {
						"@type":	"EnquiteSelection",
						"checkBoxName_":	"シナリオ",
						"enableCheckCgName_":	"",
						"isChecked_":	false,
						"id_":	15
					}, {
						"@type":	"EnquiteSelection",
						"checkBoxName_":	"キャラクター",
						"enableCheckCgName_":	"",
						"isChecked_":	false,
						"id_":	15
					}, {
						"@type":	"EnquiteSelection",
						"checkBoxName_":	"エロ",
						"enableCheckCgName_":	"",
						"isChecked_":	false,
						"id_":	15
					}, {
						"@type":	"EnquiteSelection",
						"checkBoxName_":	"ゲーム性",
						"enableCheckCgName_":	"",
						"isChecked_":	false,
						"id_":	15
					}, {
						"@type":	"EnquiteSelection",
						"checkBoxName_":	"音楽",
						"enableCheckCgName_":	"",
						"isChecked_":	false,
						"id_":	15
					}, {
						"@type":	"EnquiteSelection",
						"checkBoxName_":	"特になし",
						"enableCheckCgName_":	"",
						"isChecked_":	true,
						"id_":	15
					}, {
						"@type":	"EnquiteSelection",
						"checkBoxName_":	"チェックボックス＿アイ",
						"enableCheckCgName_":	"システム／名札／アイ",
						"isChecked_":	false,
						"id_":	16
					}, {
						"@type":	"EnquiteSelection",
						"checkBoxName_":	"チェックボックス＿アテン",
						"enableCheckCgName_":	"システム／名札／アテン",
						"isChecked_":	false,
						"id_":	16
					}, {
						"@type":	"EnquiteSelection",
						"checkBoxName_":	"チェックボックス＿ありす",
						"enableCheckCgName_":	"システム／名札／ありす",
						"isChecked_":	false,
						"id_":	16
					}, {
						"@type":	"EnquiteSelection",
						"checkBoxName_":	"チェックボックス＿イェリコ",
						"enableCheckCgName_":	"システム／名札／イェリコ",
						"isChecked_":	false,
						"id_":	16
					}, {
						"@type":	"EnquiteSelection",
						"checkBoxName_":	"チェックボックス＿エレノア",
						"enableCheckCgName_":	"システム／名札／エレノア",
						"isChecked_":	false,
						"id_":	16
					}, {
						"@type":	"EnquiteSelection",
						"checkBoxName_":	"チェックボックス＿カーナ",
						"enableCheckCgName_":	"システム／名札／カーナ",
						"isChecked_":	false,
						"id_":	16
					}, {
						"@type":	"EnquiteSelection",
						"checkBoxName_":	"チェックボックス＿ガーネット",
						"enableCheckCgName_":	"システム／名札／ガーネット",
						"isChecked_":	false,
						"id_":	16
					}, {
						"@type":	"EnquiteSelection",
						"checkBoxName_":	"チェックボックス＿カスミ",
						"enableCheckCgName_":	"システム／名札／カスミ",
						"isChecked_":	false,
						"id_":	16
					}, {
						"@type":	"EnquiteSelection",
						"checkBoxName_":	"チェックボックス＿かなみ",
						"enableCheckCgName_":	"システム／名札／かなみ",
						"isChecked_":	false,
						"id_":	16
					}, {
						"@type":	"EnquiteSelection",
						"checkBoxName_":	"チェックボックス＿クリン",
						"enableCheckCgName_":	"システム／名札／クリン",
						"isChecked_":	false,
						"id_":	16
					}, {
						"@type":	"EnquiteSelection",
						"checkBoxName_":	"チェックボックス＿コリン",
						"enableCheckCgName_":	"システム／名札／コリン",
						"isChecked_":	false,
						"id_":	16
					}, {
						"@type":	"EnquiteSelection",
						"checkBoxName_":	"チェックボックス＿サテラ",
						"enableCheckCgName_":	"システム／名札／サテラ",
						"isChecked_":	false,
						"id_":	16
					}, {
						"@type":	"EnquiteSelection",
						"checkBoxName_":	"チェックボックス＿サファイア",
						"enableCheckCgName_":	"システム／名札／サファイア",
						"isChecked_":	false,
						"id_":	16
					}, {
						"@type":	"EnquiteSelection",
						"checkBoxName_":	"チェックボックス＿サヤ",
						"enableCheckCgName_":	"システム／名札／サヤ",
						"isChecked_":	false,
						"id_":	16
					}, {
						"@type":	"EnquiteSelection",
						"checkBoxName_":	"チェックボックス＿さより",
						"enableCheckCgName_":	"システム／名札／さより",
						"isChecked_":	false,
						"id_":	16
					}, {
						"@type":	"EnquiteSelection",
						"checkBoxName_":	"チェックボックス＿シィル",
						"enableCheckCgName_":	"システム／名札／シィル",
						"isChecked_":	false,
						"id_":	16
					}, {
						"@type":	"EnquiteSelection",
						"checkBoxName_":	"チェックボックス＿志津香",
						"enableCheckCgName_":	"システム／名札／志津香",
						"isChecked_":	false,
						"id_":	16
					}, {
						"@type":	"EnquiteSelection",
						"checkBoxName_":	"チェックボックス＿ジュリア",
						"enableCheckCgName_":	"システム／名札／ジュリア",
						"isChecked_":	false,
						"id_":	16
					}, {
						"@type":	"EnquiteSelection",
						"checkBoxName_":	"チェックボックス＿ジル",
						"enableCheckCgName_":	"システム／名札／ジル",
						"isChecked_":	false,
						"id_":	16
					}, {
						"@type":	"EnquiteSelection",
						"checkBoxName_":	"チェックボックス＿スー",
						"enableCheckCgName_":	"システム／名札／スー",
						"isChecked_":	false,
						"id_":	16
					}, {
						"@type":	"EnquiteSelection",
						"checkBoxName_":	"チェックボックス＿セティナ",
						"enableCheckCgName_":	"システム／名札／セティナ",
						"isChecked_":	false,
						"id_":	16
					}, {
						"@type":	"EnquiteSelection",
						"checkBoxName_":	"チェックボックス＿セピア",
						"enableCheckCgName_":	"システム／名札／セピア",
						"isChecked_":	false,
						"id_":	16
					}, {
						"@type":	"EnquiteSelection",
						"checkBoxName_":	"チェックボックス＿セル",
						"enableCheckCgName_":	"システム／名札／セル",
						"isChecked_":	false,
						"id_":	16
					}, {
						"@type":	"EnquiteSelection",
						"checkBoxName_":	"チェックボックス＿トパーズ",
						"enableCheckCgName_":	"システム／名札／トパーズ",
						"isChecked_":	false,
						"id_":	16
					}, {
						"@type":	"EnquiteSelection",
						"checkBoxName_":	"チェックボックス＿奈美",
						"enableCheckCgName_":	"システム／名札／奈美",
						"isChecked_":	false,
						"id_":	16
					}, {
						"@type":	"EnquiteSelection",
						"checkBoxName_":	"チェックボックス＿ネカイ",
						"enableCheckCgName_":	"システム／名札／ネカイ",
						"isChecked_":	false,
						"id_":	16
					}, {
						"@type":	"EnquiteSelection",
						"checkBoxName_":	"チェックボックス＿ノア",
						"enableCheckCgName_":	"システム／名札／ノア",
						"isChecked_":	false,
						"id_":	16
					}, {
						"@type":	"EnquiteSelection",
						"checkBoxName_":	"チェックボックス＿ハイジ",
						"enableCheckCgName_":	"システム／名札／ハイジ",
						"isChecked_":	false,
						"id_":	16
					}, {
						"@type":	"EnquiteSelection",
						"checkBoxName_":	"チェックボックス＿ハイニ",
						"enableCheckCgName_":	"システム／名札／ハイニ",
						"isChecked_":	false,
						"id_":	16
					}, {
						"@type":	"EnquiteSelection",
						"checkBoxName_":	"チェックボックス＿葉月",
						"enableCheckCgName_":	"システム／名札／葉月",
						"isChecked_":	false,
						"id_":	16
					}, {
						"@type":	"EnquiteSelection",
						"checkBoxName_":	"チェックボックス＿パティ",
						"enableCheckCgName_":	"システム／名札／パティ",
						"isChecked_":	false,
						"id_":	16
					}, {
						"@type":	"EnquiteSelection",
						"checkBoxName_":	"チェックボックス＿パルプテンクス",
						"enableCheckCgName_":	"システム／名札／パルプテンクス",
						"isChecked_":	false,
						"id_":	16
					}, {
						"@type":	"EnquiteSelection",
						"checkBoxName_":	"チェックボックス＿ハンティ",
						"enableCheckCgName_":	"システム／名札／ハンティ",
						"isChecked_":	false,
						"id_":	16
					}, {
						"@type":	"EnquiteSelection",
						"checkBoxName_":	"チェックボックス＿フェリス",
						"enableCheckCgName_":	"システム／名札／フェリス",
						"isChecked_":	false,
						"id_":	16
					}, {
						"@type":	"EnquiteSelection",
						"checkBoxName_":	"チェックボックス＿マリア",
						"enableCheckCgName_":	"システム／名札／マリア",
						"isChecked_":	false,
						"id_":	16
					}, {
						"@type":	"EnquiteSelection",
						"checkBoxName_":	"チェックボックス＿マリス",
						"enableCheckCgName_":	"システム／名札／マリス",
						"isChecked_":	false,
						"id_":	16
					}, {
						"@type":	"EnquiteSelection",
						"checkBoxName_":	"チェックボックス＿ミーキル",
						"enableCheckCgName_":	"システム／名札／ミーキル",
						"isChecked_":	false,
						"id_":	16
					}, {
						"@type":	"EnquiteSelection",
						"checkBoxName_":	"チェックボックス＿ミリ",
						"enableCheckCgName_":	"システム／名札／ミリ",
						"isChecked_":	false,
						"id_":	16
					}, {
						"@type":	"EnquiteSelection",
						"checkBoxName_":	"チェックボックス＿ミリー",
						"enableCheckCgName_":	"システム／名札／ミリー",
						"isChecked_":	false,
						"id_":	16
					}, {
						"@type":	"EnquiteSelection",
						"checkBoxName_":	"チェックボックス＿ミル",
						"enableCheckCgName_":	"システム／名札／ミル",
						"isChecked_":	false,
						"id_":	16
					}, {
						"@type":	"EnquiteSelection",
						"checkBoxName_":	"チェックボックス＿メナド",
						"enableCheckCgName_":	"システム／名札／メナド",
						"isChecked_":	false,
						"id_":	16
					}, {
						"@type":	"EnquiteSelection",
						"checkBoxName_":	"チェックボックス＿ユラン",
						"enableCheckCgName_":	"システム／名札／ユラン",
						"isChecked_":	false,
						"id_":	16
					}, {
						"@type":	"EnquiteSelection",
						"checkBoxName_":	"チェックボックス＿リア",
						"enableCheckCgName_":	"システム／名札／リア",
						"isChecked_":	false,
						"id_":	16
					}, {
						"@type":	"EnquiteSelection",
						"checkBoxName_":	"チェックボックス＿レイラ",
						"enableCheckCgName_":	"システム／名札／レイラ",
						"isChecked_":	false,
						"id_":	16
					}, {
						"@type":	"EnquiteSelection",
						"checkBoxName_":	"チェックボックス＿レンチ",
						"enableCheckCgName_":	"システム／名札／レンチ／羅刹",
						"isChecked_":	false,
						"id_":	16
					}, {
						"@type":	"EnquiteSelection",
						"checkBoxName_":	"チェックボックス＿ローラ",
						"enableCheckCgName_":	"システム／名札／ローラ",
						"isChecked_":	false,
						"id_":	16
					}, {
						"@type":	"EnquiteSelection",
						"checkBoxName_":	"チェックボックス＿ロゼ",
						"enableCheckCgName_":	"システム／名札／ロゼ",
						"isChecked_":	false,
						"id_":	16
					}, {
						"@type":	"EnquiteSelection",
						"checkBoxName_":	"チェックボックス＿ワヨソ",
						"enableCheckCgName_":	"システム／名札／ワヨソ",
						"isChecked_":	false,
						"id_":	16
					}, {
						"@type":	"EnquiteSelection",
						"checkBoxName_":	"チェックボックス＿アイゼル",
						"enableCheckCgName_":	"システム／名札／アイゼル",
						"isChecked_":	false,
						"id_":	17
					}, {
						"@type":	"EnquiteSelection",
						"checkBoxName_":	"チェックボックス＿アリスマン",
						"enableCheckCgName_":	"システム／名札／アリスマン",
						"isChecked_":	false,
						"id_":	17
					}, {
						"@type":	"EnquiteSelection",
						"checkBoxName_":	"チェックボックス＿アリスマンレディー",
						"enableCheckCgName_":	"システム／名札／アリスマンレディー",
						"isChecked_":	false,
						"id_":	17
					}, {
						"@type":	"EnquiteSelection",
						"checkBoxName_":	"チェックボックス＿イシス",
						"enableCheckCgName_":	"システム／名札／イシス",
						"isChecked_":	false,
						"id_":	17
					}, {
						"@type":	"EnquiteSelection",
						"checkBoxName_":	"チェックボックス＿伊集院",
						"enableCheckCgName_":	"システム／名札／伊集院",
						"isChecked_":	false,
						"id_":	17
					}, {
						"@type":	"EnquiteSelection",
						"checkBoxName_":	"チェックボックス＿リスのウーくん",
						"enableCheckCgName_":	"システム／名札／リス",
						"isChecked_":	false,
						"id_":	17
					}, {
						"@type":	"EnquiteSelection",
						"checkBoxName_":	"チェックボックス＿エクス",
						"enableCheckCgName_":	"trim_立ち絵／エクス／基本",
						"isChecked_":	false,
						"id_":	17
					}, {
						"@type":	"EnquiteSelection",
						"checkBoxName_":	"チェックボックス＿エロヤック",
						"enableCheckCgName_":	"システム／名札／エロヤック",
						"isChecked_":	false,
						"id_":	17
					}, {
						"@type":	"EnquiteSelection",
						"checkBoxName_":	"チェックボックス＿カオス",
						"enableCheckCgName_":	"システム／名札／カオス",
						"isChecked_":	false,
						"id_":	17
					}, {
						"@type":	"EnquiteSelection",
						"checkBoxName_":	"チェックボックス＿加藤",
						"enableCheckCgName_":	"システム／名札／加藤",
						"isChecked_":	false,
						"id_":	17
					}, {
						"@type":	"EnquiteSelection",
						"checkBoxName_":	"チェックボックス＿キース",
						"enableCheckCgName_":	"システム／名札／キース",
						"isChecked_":	false,
						"id_":	17
					}, {
						"@type":	"EnquiteSelection",
						"checkBoxName_":	"チェックボックス＿シーザー",
						"enableCheckCgName_":	"システム／名札／シーザー",
						"isChecked_":	false,
						"id_":	17
					}, {
						"@type":	"EnquiteSelection",
						"checkBoxName_":	"チェックボックス＿しゃも仁一郎",
						"enableCheckCgName_":	"システム／名札／しゃも仁一郎",
						"isChecked_":	false,
						"id_":	17
					}, {
						"@type":	"EnquiteSelection",
						"checkBoxName_":	"チェックボックス＿その辺のくそがき",
						"enableCheckCgName_":	"システム／名札／その辺のくそがき",
						"isChecked_":	false,
						"id_":	17
					}, {
						"@type":	"EnquiteSelection",
						"checkBoxName_":	"チェックボックス＿トーマ",
						"enableCheckCgName_":	"システム／名札／トーマ",
						"isChecked_":	false,
						"id_":	17
					}, {
						"@type":	"EnquiteSelection",
						"checkBoxName_":	"チェックボックス＿ねこたま",
						"enableCheckCgName_":	"システム／名札／ねこたま",
						"isChecked_":	false,
						"id_":	17
					}, {
						"@type":	"EnquiteSelection",
						"checkBoxName_":	"チェックボックス＿ノス",
						"enableCheckCgName_":	"システム／名札／ノス",
						"isChecked_":	false,
						"id_":	17
					}, {
						"@type":	"EnquiteSelection",
						"checkBoxName_":	"チェックボックス＿バーニング",
						"enableCheckCgName_":	"システム／名札／バーニング",
						"isChecked_":	false,
						"id_":	17
					}, {
						"@type":	"EnquiteSelection",
						"checkBoxName_":	"チェックボックス＿パットン",
						"enableCheckCgName_":	"システム／名札／パットン",
						"isChecked_":	false,
						"id_":	17
					}, {
						"@type":	"EnquiteSelection",
						"checkBoxName_":	"チェックボックス＿バレス",
						"enableCheckCgName_":	"システム／名札／バレス",
						"isChecked_":	false,
						"id_":	17
					}, {
						"@type":	"EnquiteSelection",
						"checkBoxName_":	"チェックボックス＿ブリティシュ",
						"enableCheckCgName_":	"システム／名札／ブリティシュ",
						"isChecked_":	false,
						"id_":	17
					}, {
						"@type":	"EnquiteSelection",
						"checkBoxName_":	"チェックボックス＿フレッチャー",
						"enableCheckCgName_":	"システム／名札／フレッチャー",
						"isChecked_":	false,
						"id_":	17
					}, {
						"@type":	"EnquiteSelection",
						"checkBoxName_":	"チェックボックス＿ヘンダーソン",
						"enableCheckCgName_":	"システム／名札／ヘンダーソン",
						"isChecked_":	false,
						"id_":	17
					}, {
						"@type":	"EnquiteSelection",
						"checkBoxName_":	"チェックボックス＿ミ",
						"enableCheckCgName_":	"システム／名札／ミ",
						"isChecked_":	false,
						"id_":	17
					}, {
						"@type":	"EnquiteSelection",
						"checkBoxName_":	"チェックボックス＿ミネバ",
						"enableCheckCgName_":	"システム／名札／ミネバ",
						"isChecked_":	false,
						"id_":	17
					}, {
						"@type":	"EnquiteSelection",
						"checkBoxName_":	"チェックボックス＿ラーク",
						"enableCheckCgName_":	"システム／名札／ラーク",
						"isChecked_":	false,
						"id_":	17
					}, {
						"@type":	"EnquiteSelection",
						"checkBoxName_":	"チェックボックス＿ラチェット",
						"enableCheckCgName_":	"システム／名札／ラチェット",
						"isChecked_":	false,
						"id_":	17
					}, {
						"@type":	"EnquiteSelection",
						"checkBoxName_":	"チェックボックス＿ラプ",
						"enableCheckCgName_":	"システム／名札／ラプ",
						"isChecked_":	false,
						"id_":	17
					}, {
						"@type":	"EnquiteSelection",
						"checkBoxName_":	"チェックボックス＿ラプの長老",
						"enableCheckCgName_":	"システム／名札／ラプの長老",
						"isChecked_":	false,
						"id_":	17
					}, {
						"@type":	"EnquiteSelection",
						"checkBoxName_":	"チェックボックス＿ランス",
						"enableCheckCgName_":	"システム／名札／ランス",
						"isChecked_":	false,
						"id_":	17
					}, {
						"@type":	"EnquiteSelection",
						"checkBoxName_":	"チェックボックス＿リターンデーモン",
						"enableCheckCgName_":	"システム／名札／リターンデーモン",
						"isChecked_":	false,
						"id_":	17
					}, {
						"@type":	"EnquiteSelection",
						"checkBoxName_":	"チェックボックス＿リック",
						"enableCheckCgName_":	"システム／名札／リック",
						"isChecked_":	false,
						"id_":	17
					}, {
						"@type":	"EnquiteSelection",
						"checkBoxName_":	"チェックボックス＿ルイス",
						"enableCheckCgName_":	"システム／名札／ルイス",
						"isChecked_":	false,
						"id_":	17
					}, {
						"@type":	"EnquiteSelection",
						"checkBoxName_":	"チェックボックス＿ロバート",
						"enableCheckCgName_":	"システム／名札／ロバート",
						"isChecked_":	false,
						"id_":	17
					}, {
						"@type":	"EnquiteSelection",
						"checkBoxName_":	"チェックボックス＿うしドバーン",
						"enableCheckCgName_":	"trim_モンスター／うしドバーン",
						"isChecked_":	false,
						"id_":	18
					}, {
						"@type":	"EnquiteSelection",
						"checkBoxName_":	"チェックボックス＿神風",
						"enableCheckCgName_":	"trim_モンスター／神風",
						"isChecked_":	false,
						"id_":	18
					}, {
						"@type":	"EnquiteSelection",
						"checkBoxName_":	"チェックボックス＿金魚使い",
						"enableCheckCgName_":	"trim_モンスター／金魚使い",
						"isChecked_":	false,
						"id_":	18
					}, {
						"@type":	"EnquiteSelection",
						"checkBoxName_":	"チェックボックス＿幸福きゃんきゃん",
						"enableCheckCgName_":	"trim_モンスター／幸福きゃんきゃん",
						"isChecked_":	false,
						"id_":	18
					}, {
						"@type":	"EnquiteSelection",
						"checkBoxName_":	"チェックボックス＿コンテ",
						"enableCheckCgName_":	"trim_モンスター／コンテ",
						"isChecked_":	false,
						"id_":	18
					}, {
						"@type":	"EnquiteSelection",
						"checkBoxName_":	"チェックボックス＿ちゃいむ",
						"enableCheckCgName_":	"trim_モンスター／ちゃいむ",
						"isChecked_":	false,
						"id_":	18
					}, {
						"@type":	"EnquiteSelection",
						"checkBoxName_":	"チェックボックス＿ちょーちん",
						"enableCheckCgName_":	"trim_モンスター／ちょーちん",
						"isChecked_":	false,
						"id_":	18
					}, {
						"@type":	"EnquiteSelection",
						"checkBoxName_":	"チェックボックス＿デュラピー",
						"enableCheckCgName_":	"trim_モンスター／デュラピー",
						"isChecked_":	false,
						"id_":	18
					}, {
						"@type":	"EnquiteSelection",
						"checkBoxName_":	"チェックボックス＿ハチ女",
						"enableCheckCgName_":	"trim_モンスター／ハチ女",
						"isChecked_":	false,
						"id_":	18
					}, {
						"@type":	"EnquiteSelection",
						"checkBoxName_":	"チェックボックス＿フローズン",
						"enableCheckCgName_":	"trim_モンスター／フローズン",
						"isChecked_":	false,
						"id_":	18
					}, {
						"@type":	"EnquiteSelection",
						"checkBoxName_":	"チェックボックス＿ユニコーン",
						"enableCheckCgName_":	"trim_モンスター／ユニコーン",
						"isChecked_":	false,
						"id_":	18
					}, {
						"@type":	"EnquiteSelection",
						"checkBoxName_":	"チェックボックス＿ライカンスロープ",
						"enableCheckCgName_":	"trim_モンスター／ライカンスロープ",
						"isChecked_":	false,
						"id_":	18
					}, {
						"@type":	"EnquiteSelection",
						"checkBoxName_":	"チェックボックス＿ラーメン",
						"enableCheckCgName_":	"trim_モンスター／ラーメン",
						"isChecked_":	false,
						"id_":	18
					}, {
						"@type":	"EnquiteSelection",
						"checkBoxName_":	"チェックボックス＿ワーかなみ",
						"enableCheckCgName_":	"trim_モンスター／ワーかなみ",
						"isChecked_":	false,
						"id_":	18
					}, {
						"@type":	"EnquiteSelection",
						"checkBoxName_":	"チェックボックス＿ワークィーン",
						"enableCheckCgName_":	"trim_モンスター／ワークィーン",
						"isChecked_":	false,
						"id_":	18
					}, {
						"@type":	"EnquiteSelection",
						"checkBoxName_":	"チェックボックス＿ワーシィル",
						"enableCheckCgName_":	"trim_モンスター／ワーシィル",
						"isChecked_":	false,
						"id_":	18
					}, {
						"@type":	"EnquiteSelection",
						"checkBoxName_":	"チェックボックス＿ワー志津香",
						"enableCheckCgName_":	"trim_モンスター／ワー志津香",
						"isChecked_":	false,
						"id_":	18
					}, {
						"@type":	"EnquiteSelection",
						"checkBoxName_":	"チェックボックス＿ワードッグ",
						"enableCheckCgName_":	"trim_モンスター／ワードッグ",
						"isChecked_":	false,
						"id_":	18
					}, {
						"@type":	"EnquiteSelection",
						"checkBoxName_":	"チェックボックス＿ワープアー",
						"enableCheckCgName_":	"trim_モンスター／ワープアー",
						"isChecked_":	false,
						"id_":	18
					}, {
						"@type":	"EnquiteSelection",
						"checkBoxName_":	"チェックボックス＿ワー村娘",
						"enableCheckCgName_":	"trim_モンスター／ワー村娘",
						"isChecked_":	false,
						"id_":	18
					}]
			}
		}, {
			"name":	"g_enquiteFreeText",
			"value":	""
		}, {
			"name":	"g_scenarioTestFunc",
			"value":	{
				"@type":	"LatestDebugFunctions",
				"functionName_":	{
					"array_rank":	-1,
					"type":	16,
					"value":	null
				}
			}
		}, {
			"name":	"g_debugTestFunc",
			"value":	{
				"@type":	"LatestDebugFunctions",
				"functionName_":	{
					"array_rank":	-1,
					"type":	16,
					"value":	null
				}
			}
		}, {
			"name":	"g_common_latestSaveIndex",
			"value":	1
		}, {
			"name":	"g_common_latestAutoSaveIndex",
			"value":	100
		}, {
			"name":	"g_common_globalTimeScaling",
			"value":	{
				"float":	1
			}
		}, {
			"name":	"g_globalGameFlag",
			"value":	{
				"@type":	"GameFlagMap",
				"pair_":	{
					"array_rank":	1,
					"type":	17,
					"dimensions":	[49],
					"values":	[{
							"@type":	"KeyValuePair",
							"key":	"ＣＧ01",
							"type":	0,
							"valueInt":	1,
							"valueString":	""
						}, {
							"@type":	"KeyValuePair",
							"key":	"ＣＧ02",
							"type":	0,
							"valueInt":	1,
							"valueString":	""
						}, {
							"@type":	"KeyValuePair",
							"key":	"ＣＧ03",
							"type":	0,
							"valueInt":	1,
							"valueString":	""
						}, {
							"@type":	"KeyValuePair",
							"key":	"ＣＧ06",
							"type":	0,
							"valueInt":	1,
							"valueString":	""
						}, {
							"@type":	"KeyValuePair",
							"key":	"ＣＧ08",
							"type":	0,
							"valueInt":	1,
							"valueString":	""
						}, {
							"@type":	"KeyValuePair",
							"key":	"ＣＧ09",
							"type":	0,
							"valueInt":	1,
							"valueString":	""
						}, {
							"@type":	"KeyValuePair",
							"key":	"ＣＧ10",
							"type":	0,
							"valueInt":	2,
							"valueString":	""
						}, {
							"@type":	"KeyValuePair",
							"key":	"ＣＧ15",
							"type":	0,
							"valueInt":	2,
							"valueString":	""
						}, {
							"@type":	"KeyValuePair",
							"key":	"ＣＧ18",
							"type":	0,
							"valueInt":	1,
							"valueString":	""
						}, {
							"@type":	"KeyValuePair",
							"key":	"ＣＧ20",
							"type":	0,
							"valueInt":	1,
							"valueString":	""
						}, {
							"@type":	"KeyValuePair",
							"key":	"ＣＧ26",
							"type":	0,
							"valueInt":	1,
							"valueString":	""
						}, {
							"@type":	"KeyValuePair",
							"key":	"ＣＧ53",
							"type":	0,
							"valueInt":	3,
							"valueString":	""
						}, {
							"@type":	"KeyValuePair",
							"key":	"ＣＧ68",
							"type":	0,
							"valueInt":	1,
							"valueString":	""
						}, {
							"@type":	"KeyValuePair",
							"key":	"ＣＧ71",
							"type":	0,
							"valueInt":	1,
							"valueString":	""
						}, {
							"@type":	"KeyValuePair",
							"key":	"ＣＧ72",
							"type":	0,
							"valueInt":	1,
							"valueString":	""
						}, {
							"@type":	"KeyValuePair",
							"key":	"ＣＧ73",
							"type":	0,
							"valueInt":	1,
							"valueString":	""
						}, {
							"@type":	"KeyValuePair",
							"key":	"ＣＧ81",
							"type":	0,
							"valueInt":	1,
							"valueString":	""
						}, {
							"@type":	"KeyValuePair",
							"key":	"ＣＧ82",
							"type":	0,
							"valueInt":	1,
							"valueString":	""
						}, {
							"@type":	"KeyValuePair",
							"key":	"ＣＧ84",
							"type":	0,
							"valueInt":	1,
							"valueString":	""
						}, {
							"@type":	"KeyValuePair",
							"key":	"ＣＧ90",
							"type":	0,
							"valueInt":	1,
							"valueString":	""
						}, {
							"@type":	"KeyValuePair",
							"key":	"ＣＧ93",
							"type":	0,
							"valueInt":	1,
							"valueString":	""
						}, {
							"@type":	"KeyValuePair",
							"key":	"ＣＧ94",
							"type":	0,
							"valueInt":	1,
							"valueString":	""
						}, {
							"@type":	"KeyValuePair",
							"key":	"アンケート送信",
							"type":	0,
							"valueInt":	1,
							"valueString":	""
						}, {
							"@type":	"KeyValuePair",
							"key":	"ゲームクリア",
							"type":	0,
							"valueInt":	1,
							"valueString":	""
						}, {
							"@type":	"KeyValuePair",
							"key":	"ゲーム開始回数",
							"type":	0,
							"valueInt":	2,
							"valueString":	""
						}, {
							"@type":	"KeyValuePair",
							"key":	"ネットワーク接続設定",
							"type":	0,
							"valueInt":	1,
							"valueString":	""
						}, {
							"@type":	"KeyValuePair",
							"key":	"ボイス設定確認",
							"type":	0,
							"valueInt":	2,
							"valueString":	""
						}, {
							"@type":	"KeyValuePair",
							"key":	"回想03",
							"type":	0,
							"valueInt":	1,
							"valueString":	""
						}, {
							"@type":	"KeyValuePair",
							"key":	"回想05",
							"type":	0,
							"valueInt":	1,
							"valueString":	""
						}, {
							"@type":	"KeyValuePair",
							"key":	"回想11",
							"type":	0,
							"valueInt":	4,
							"valueString":	""
						}, {
							"@type":	"KeyValuePair",
							"key":	"回想17",
							"type":	0,
							"valueInt":	1,
							"valueString":	""
						}, {
							"@type":	"KeyValuePair",
							"key":	"回想19",
							"type":	0,
							"valueInt":	2,
							"valueString":	""
						}, {
							"@type":	"KeyValuePair",
							"key":	"回想21",
							"type":	0,
							"valueInt":	1,
							"valueString":	""
						}, {
							"@type":	"KeyValuePair",
							"key":	"回想33",
							"type":	0,
							"valueInt":	2,
							"valueString":	""
						}, {
							"@type":	"KeyValuePair",
							"key":	"回想35",
							"type":	0,
							"valueInt":	1,
							"valueString":	""
						}, {
							"@type":	"KeyValuePair",
							"key":	"回想39",
							"type":	0,
							"valueInt":	1,
							"valueString":	""
						}, {
							"@type":	"KeyValuePair",
							"key":	"回想58",
							"type":	0,
							"valueInt":	1,
							"valueString":	""
						}, {
							"@type":	"KeyValuePair",
							"key":	"回想68",
							"type":	0,
							"valueInt":	1,
							"valueString":	""
						}, {
							"@type":	"KeyValuePair",
							"key":	"回想69",
							"type":	0,
							"valueInt":	2,
							"valueString":	""
						}, {
							"@type":	"KeyValuePair",
							"key":	"回想71",
							"type":	0,
							"valueInt":	1,
							"valueString":	""
						}, {
							"@type":	"KeyValuePair",
							"key":	"回想74",
							"type":	0,
							"valueInt":	1,
							"valueString":	""
						}, {
							"@type":	"KeyValuePair",
							"key":	"回想76",
							"type":	0,
							"valueInt":	2,
							"valueString":	""
						}, {
							"@type":	"KeyValuePair",
							"key":	"回想82",
							"type":	0,
							"valueInt":	1,
							"valueString":	""
						}, {
							"@type":	"KeyValuePair",
							"key":	"回想83",
							"type":	0,
							"valueInt":	1,
							"valueString":	""
						}, {
							"@type":	"KeyValuePair",
							"key":	"回想84",
							"type":	0,
							"valueInt":	1,
							"valueString":	""
						}, {
							"@type":	"KeyValuePair",
							"key":	"回想92",
							"type":	0,
							"valueInt":	1,
							"valueString":	""
						}, {
							"@type":	"KeyValuePair",
							"key":	"最大進行状況",
							"type":	0,
							"valueInt":	14010,
							"valueString":	""
						}, {
							"@type":	"KeyValuePair",
							"key":	"戦闘チュートリアル１",
							"type":	0,
							"valueInt":	1,
							"valueString":	""
						}, {
							"@type":	"KeyValuePair",
							"key":	"戦闘チュートリアル２",
							"type":	0,
							"valueInt":	1,
							"valueString":	""
						}]
				},
				"isGlobalMode_":	true
			}
		}, {
			"name":	"g_debugFlag",
			"value":	{
				"@type":	"DebugFlag",
				"isSkipBattle_":	false,
				"isSkipDungeonEvent_":	false,
				"isSkipDungeonClosedCard_":	false,
				"isSkipWorldMapEncount_":	false,
				"isUseAutoSelect_":	false,
				"isAutoLevelUp_":	false
			}
		}, {
			"name":	"g_replayEvent",
			"value":	{
				"array_rank":	1,
				"type":	16,
				"dimensions":	[169],
				"values":	["ＥＶ／プロローグ／リア", "ＥＶ／リア／祈る", "ＥＶ／プロローグ／アイゼル", "ＥＶ／シィル／台所Ｈ／初回", "ＥＶ／かなみ／フェラチオＨ／初回", "ＥＶ／ローラ／写真", "ＥＶ／制御／回想／ウィリス／ストリップＨ／レベル１０／初回", "ＥＶ／制御／回想／ウィリス／ストリップＨ／レベル１０／二回目", "ＥＶ／制御／回想／ウィリス／ストリップＨ／レベル１０／汎用", "ＥＶ／ノア／ガーディアンＨ", "ＥＶ／ローラ／新居Ｈ", "ＥＶ／パットン／玉座Ｈ／初回", "ＥＶ／ノス／三魔人／初回", "ＥＶ／ローラ／ハニレス", "ＥＶ／かなみ／寝室Ｈ／初回", "ＥＶ／リア／拷問Ｈ／初回", "ＥＶ／シィル／寝室Ｈ／初回", "ＥＶ／かなみ／寝室Ｈ／二回目", "ＥＶ／レンチ／仏前Ｈ／羅刹／失敗", "ＥＶ／シィル／寝室Ｈ／二回目", "ＥＶ／ロゼ／悪魔Ｈ", "ＥＶ／かなみ／寝室Ｈ／汎用", "ＥＶ／悪魔回廊／光の神／初回", "ＥＶ／悪魔回廊／光の神／汎用", "ＥＶ／悪魔回廊／ねこたま／Ｄ", "ＥＶ／悪魔回廊／ゴールデンハニー／初回", "ＥＶ／女の子モンスター／ちゃいむ／初回", "ＥＶ／女の子モンスター／ちゃいむ／汎用", "ＥＶ／女の子モンスター／ちょーちん／初回", "ＥＶ／かなみ／マニアＨ／初回", "ＥＶ／かなみ／マニアＨ／二回目", "ＥＶ／かなみ／マニアＨ／再挑戦／初回", "ＥＶ／かなみ／マニアＨ／再挑戦／二回目", "ＥＶ／ノス／三魔人／二回目", "ＥＶ／女の子モンスター／ライカンスロープ／初回", "ＥＶ／フェリス／寝室Ｈ／初回", "ＥＶ／ミーキル／屋敷Ｈ／初回", "ＥＶ／シィル／美人局Ｈ", "ＥＶ／女の子モンスター／ライカンスロープ／汎用", "ＥＶ／女の子モンスター／ラーメン／初回", "ＥＶ／サファイア／雑念Ｈ", "ＥＶ／マリア／媚薬Ｈ", "ＥＶ／女の子モンスター／幸福きゃんきゃん／初回", "ＥＶ／ローラ／偽者Ｈ", "ＥＶ／レンチ／仏前Ｈ／修羅／初回", "ＥＶ／制御／回想／ウィリス／ストリップＨ／レベル２０／初回", "ＥＶ／カーナ／練習Ｈ", "ＥＶ／制御／回想／ウィリス／ストリップＨ／レベル２０／二回目", "ＥＶ／制御／回想／ウィリス／ストリップＨ／レベル２０／汎用", "ＥＶ／女の子モンスター／金魚使い／初回", "ＥＶ／女の子モンスター／金魚使い／汎用", "ＥＶ／レンチ／仏前Ｈ／修羅／汎用", "ＥＶ／女の子モンスター／ワー村娘／初回", "ＥＶ／女の子モンスター／ワー村娘／汎用", "ＥＶ／シィル／台所Ｈ／二回目", "ＥＶ／ランス／進軍／初回", "ＥＶ／リア／拷問Ｈ／二回目", "ＥＶ／ノス／三魔人／三回目", "ＥＶ／葉月／トイレＨ", "ＥＶ／志津香／寝室Ｈ／初回", "ＥＶ／レンチ／仏前Ｈ／羅刹／成功", "ＥＶ／レンチ／仏前Ｈ／羅刹／汎用", "ＥＶ／志津香／寝室Ｈ／二回目", "ＥＶ／フェリス／寝室Ｈ／二回目", "ＥＶ／志津香／寝室Ｈ／汎用", "ＥＶ／フェリス／寝室Ｈ／汎用", "ＥＶ／シィル／寝室Ｈ／汎用", "ＥＶ／女の子モンスター／ハチ女／初回", "ＥＶ／スー／教育Ｈ／初回", "ＥＶ／セル／ユニコーンＨ", "ＥＶ／レイラ／発狂Ｈ", "ＥＶ／シィル／浸水／初回", "ＥＶ／女の子モンスター／ワークィーン／初回", "ＥＶ／女の子モンスター／ワークィーン／汎用", "ＥＶ／マリア／突撃／初回", "ＥＶ／マリア／突撃／二回目", "ＥＶ／シィル／浸水／二回目", "ＥＶ／シィル／浸水／三回目", "ＥＶ／制御／回想／ウィリス／ストリップＨ／レベル３０／初回", "ＥＶ／制御／回想／ウィリス／ストリップＨ／レベル３０／二回目", "ＥＶ／制御／回想／ウィリス／ストリップＨ／レベル３０／汎用", "ＥＶ／女の子モンスター／うしドバーン／初回", "ＥＶ／女の子モンスター／うしドバーン／汎用", "ＥＶ／シィル／浸水／四回目", "ＥＶ／セル／聖光四方界陣", "ＥＶ／サテラ／封印Ｈ", "ＥＶ／シィル／浸水／五回目", "ＥＶ／シィル／水槽Ｈ", "ＥＶ／ノス／三魔人／四回目", "ＥＶ／セピア／尋問Ｈ", "ＥＶ／ネカイ／固定Ｈ／初回", "ＥＶ／ネカイ／固定Ｈ／汎用", "ＥＶ／ランス／進軍／二回目", "ＥＶ／サファイア／黒色破壊光線", "ＥＶ／サファイア／三使徒Ｈ", "ＥＶ／リア／拷問Ｈ／三回目", "ＥＶ／ありす／コスプレＨ／初回", "ＥＶ／ありす／コスプレＨ／二回目", "ＥＶ／ありす／コスプレＨ／三回目", "ＥＶ／ありす／コスプレＨ／四回目", "ＥＶ／ありす／コスプレＨ／Ａ", "ＥＶ／スー／教育Ｈ／二回目", "ＥＶ／都市／パッキャマラード・デン／カースＡ", "ＥＶ／ユラン／敗北／初回", "ＥＶ／ワヨソ／睡眠Ｈ", "ＥＶ／スー／教育Ｈ／汎用", "ＥＶ／都市／ノース／入る／初回／戦闘後", "ＥＶ／都市／ノース／入る／二回目／戦闘後", "ＥＶ／都市／オク／入る／三回目", "ＥＶ／ユラン／敗北／二回目", "ＥＶ／都市／サウス／入る／初回／ユラン後", "ＥＶ／ノス／三魔人／五回目", "ＥＶ／コリン／教義Ｈ", "ＥＶ／コリン／教義Ｈ／スーパー／初回", "ＥＶ／コリン／教義Ｈ／スーパー／汎用", "ＥＶ／都市／城下町／入る／初回", "ＥＶ／都市／城下町／入る／二回目", "ＥＶ／悪魔回廊／ゴールデンハニー／市壁後／初回", "ＥＶ／悪魔回廊／ゴールデンハニー／市壁後／二回目", "ＥＶ／女の子モンスター／ワープアー／初回", "ＥＶ／リア／拷問Ｈ／四回目", "ＥＶ／サヤ／拷問Ｈ", "ＥＶ／パルプテンクス／輪姦Ｈ", "ＥＶ／封印の間／入る", "ＥＶ／封印の間／カオス／復活後", "ＥＶ／女の子モンスター／ワープアー／汎用", "ＥＶ／女の子モンスター／コンテ／初回", "ＥＶ／女の子モンスター／コンテ／汎用", "ＥＶ／女の子モンスター／ワードッグ／初回", "ＥＶ／女の子モンスター／ワードッグ／汎用", "ＥＶ／リア／大制裁Ｈ", "ＥＶ／女の子モンスター／デュラピー／初回", "ＥＶ／制御／回想／ウィリス／ストリップＨ／レベル４０／初回", "ＥＶ／制御／回想／ウィリス／ストリップＨ／レベル４０／二回目", "ＥＶ／制御／回想／ウィリス／ストリップＨ／レベル４０／汎用", "ＥＶ／女の子モンスター／デュラピー／汎用", "ＥＶ／宿屋／城下町／カオス", "ＥＶ／女の子モンスター／神風／初回", "ＥＶ／女の子モンスター／神風／汎用", "ＥＶ／アイゼル／敗北", "ＥＶ／ありす／コスプレＨ／Ｂ", "ＥＶ／ありす／コスプレＨ／Ｃ", "ＥＶ／セティナ／バックヤードＨ", "ＥＶ／メナド／夜這いＨ", "ＥＶ／女の子モンスター／フローズン／初回", "ＥＶ／サファイア／ラレラレ石Ｈ", "ＥＶ／ガーネット／ラレラレ石Ｈ", "ＥＶ／シィル／台所Ｈ／汎用", "ＥＶ／コリン／教義Ｈ／キング／初回", "ＥＶ／コリン／教義Ｈ／キング／汎用", "ＥＶ／女の子モンスター／幸福きゃんきゃん／汎用", "ＥＶ／居館／二階／溶岩", "ＥＶ／女の子モンスター／ワー志津香／初回", "ＥＶ／女の子モンスター／ワーかなみ／初回", "ＥＶ／女の子モンスター／ワーシィル／初回", "ＥＶ／ジル／対峙", "ＥＶ／ジル／最終Ｈ", "ＥＶ／デ・ラ・アドミラル空間／ジル／Ｈ後", "ＥＶ／エピローグ／リア／二回目", "ＥＶ／制御／回想／ウィリス／ストリップＨ／レベル５０／初回", "ＥＶ／制御／回想／ウィリス／ストリップＨ／レベル５０／二回目", "ＥＶ／制御／回想／ウィリス／ストリップＨ／レベル５０／汎用", "ＥＶ／女の子モンスター／フローズン／汎用", "ＥＶ／女の子モンスター／ハチ女／汎用", "ＥＶ／女の子モンスター／ちょーちん／汎用", "ＥＶ／女の子モンスター／ラーメン／汎用", "ＥＶ／女の子モンスター／ワー志津香／汎用", "ＥＶ／女の子モンスター／ワーかなみ／汎用", "ＥＶ／女の子モンスター／ワーシィル／汎用"]
			}
		}, {
			"name":	"g_playedMusic",
			"value":	{
				"array_rank":	1,
				"type":	16,
				"dimensions":	[52],
				"values":	["音楽／ＡＤＶ／アリスのテーマ", "", "音楽／ＡＤＶ／緊張", "音楽／ダンジョン／ロイヤルチェイサー", "音楽／戦闘／通常", "音楽／ＡＤＶ／通常戦闘", "音楽／ＡＤＶ／悪いやつ", "音楽／オープニング", "音楽／ＡＤＶ／普通", "音楽／ＡＤＶ／我が栄光", "音楽／ＡＤＶ／のんき", "音楽／ＡＤＶ／エロ", "音楽／街メニュー／街２", "音楽／ＡＤＶ／普通２", "音楽／システム／マップ", "音楽／ダンジョン／暗い", "音楽／ＡＤＶ／明るい", "音楽／ダンジョン／普通", "音楽／街メニュー／ティティ湖", "音楽／システム／レベル神", "音楽／戦闘／女の子モンスター", "音楽／ＡＤＶ／凄惨", "音楽／ＡＤＶ／サテラ", "音楽／戦闘／大ボス", "音楽／ＡＤＶ／悪いやつ２", "音楽／システム／店", "音楽／ＡＤＶ／悪いやつ３", "音楽／ＡＤＶ／焦り・危ない", "音楽／ＡＤＶ／司令部", "音楽／ダンジョン／不思議", "音楽／ダンジョン／ハニワ大神殿", "音楽／ダンジョン／レッド", "音楽／ＡＤＶ／香港マカオ", "音楽／ダンジョン／ゴーストタウン", "音楽／ダンジョン／迷いの森", "音楽／システム／糞曲２", "音楽／ＡＤＶ／強敵戦闘", "音楽／システム／糞曲", "音楽／ダンジョン／ハイパービル", "音楽／ＡＤＶ／アイコム", "音楽／ダンジョン／ホッホ峡", "音楽／ＡＤＶ／志津香", "音楽／ＡＤＶ／ミリー", "音楽／ＡＤＶ／パティ", "音楽／ダンジョン／ハニービル", "音楽／ダンジョン／光", "音楽／戦闘／アイゼル", "音楽／戦闘／ノス２", "音楽／ダンジョン／アドミラル空間", "音楽／戦闘／ジル", "音楽／ＡＤＶ／エピローグ", "音楽／オープニング"]
			}
		}, {
			"name":	"g_common_isWithOutSkillInformation",
			"value":	{
				"float":	0
			}
		}],
	"struct_defs":	[{
			"name":	"EnquiteSelection",
			"fields":	[{
					"type":	12,
					"name":	"checkBoxName_"
				}, {
					"type":	12,
					"name":	"enableCheckCgName_"
				}, {
					"type":	47,
					"name":	"isChecked_"
				}, {
					"type":	10,
					"name":	"id_"
				}]
		}, {
			"name":	"DebugFlag",
			"fields":	[{
					"type":	47,
					"name":	"isSkipBattle_"
				}, {
					"type":	47,
					"name":	"isSkipDungeonEvent_"
				}, {
					"type":	47,
					"name":	"isSkipDungeonClosedCard_"
				}, {
					"type":	47,
					"name":	"isSkipWorldMapEncount_"
				}, {
					"type":	47,
					"name":	"isUseAutoSelect_"
				}, {
					"type":	47,
					"name":	"isAutoLevelUp_"
				}]
		}, {
			"name":	"LatestDebugFunctions",
			"fields":	[{
					"type":	16,
					"name":	"functionName_"
				}]
		}, {
			"name":	"KeyValuePair",
			"fields":	[{
					"type":	12,
					"name":	"key"
				}, {
					"type":	10,
					"name":	"type"
				}, {
					"type":	10,
					"name":	"valueInt"
				}, {
					"type":	12,
					"name":	"valueString"
				}]
		}, {
			"name":	"GameFlagMap",
			"fields":	[{
					"type":	17,
					"name":	"pair_"
				}, {
					"type":	47,
					"name":	"isGlobalMode_"
				}]
		}],
	"encrypted":	false,
	"compression_level":	1
}